ID,Parameter_ID,Value,Language_ID,Inventory_ID,LanguageVariety,TriggeringContext,Extra,Height,Contour,Phonation,ToneDescription,ChaoNumerals,Notes,EffectOnPitch,ResultantSystem,Type,Onset,Coda,Stress/quantity,Wordtype,long vowel
1,D41D8CD98F00B204E9800998ECF8427E,,nort3160,1,Proto-Nordic,addition of a syllable,,,,,"HL, L algined with stressed syllable",,accent 1,,Pitch-accent,wordtype,,,,addition of a syllable,
2,D41D8CD98F00B204E9800998ECF8427E,,nort3160,1,Proto-Nordic,destressing after loss of syllable,,,,,"HL, H aligned with stressed syllable",,accent 2,,Pitch-accent,wordtype,,,,loss of a syllable,
3,53CCED8D281A1A0ACE3CB6594DAAA4F7,low,yabe1254,2,Yabem,Initial voiced stop,,low,,,,,Spreads to adjacent syllables,lowering,,onset,voiced stop,,,,
4,8D966B2253A917086C8604959E152243,high,yabe1254,2,Yabem,Initial voiceless stop,,high,,,,,,elevating,,onset,voiceless stop,,,,
5,53CCED8D281A1A0ACE3CB6594DAAA4F7,low,khmu1256,3,Kammu,Initial voiced stop or sonorant,,low,,,,,,lowering,,onset,"voiced stop, sonorant",,,,
6,8121A1342D33EBBC7C0F0F8DD59B64A3,High/rising-falling,khmu1256,3,Kammu,Initial voiceless stop or voiceless sonorant,,,,,,,Depends on vowel lenght,elevating,,onset,"voiceless stop, voiceless sonorant",,,,
7,8D966B2253A917086C8604959E152243,high,east2563,4,Phan Rang Cham,initial other than voiced stop or affricate,,high,,,,,,elevating,,coda,,other,,,
8,53CCED8D281A1A0ACE3CB6594DAAA4F7,low,east2563,4,Phan Rang Cham,voiced intial stop or affricate,,low,,,,,,lowering,,onset,"voiced stop, voiced affricate",,,,
9,C9E9A848920877E76685B2E4E76DE38D,level,viet1252,5,Vietnamese,open syllable or final nasal,,,level,,,,Step 1,level,,coda,,"open, nasal",,,
10,637AA1A3F3FE939460E3E6126A3CB76A,rising,viet1252,5,Vietnamese,"Final oral stop, final glottal stop",,,rising,,,,Step 1,rising,,coda,,"stop, glottal stop",,,
11,465223D16534B847FAF7B88E6CD17139,falling,viet1252,5,Vietnamese,Final voiceless fricative,,,falling,,,,Step 1,falling,,coda,,voiceless fricative,,,
12,3D179A24574181858DE45D3926F3703D,low falling,viet1252,5,Vietnamese,Initial voiced stop + Falling tone,,low,falling,,,,Step 2,lowering,,onset,voiced stop,,,,
13,1FF3E764217B0421A5360E2174B45D62,low level,viet1252,5,Vietnamese,Initial voiced stop + Level tone ,,low,level,,,,Step 2,lowering,,onset,voiced stop,,,,
14,363F8E13D72049817D8F6E7EB5BFC367,low rising,viet1252,5,Vietnamese,Initial voiced stop + Rising tone,,low,rising,,,,Step 2,lowering,,onset,voiced stop,,,,
15,B5374888049DEB2C3FB47CC84146F460,high falling,viet1252,5,Vietnamese,Initial voiceless stop + Falling tone,,high,falling,,,,Step 2,elevating,,onset,voiceless stop,,,,
16,4F7250D3224B54AEBB4CB4CE0E320015,high level,viet1252,5,Vietnamese,Initial voiceless stop + Level tone ,,high,level,,,,Step 2,elevating,,onset,voiceless stop,,,,
17,2DB64143DDC2CAC168C5937C9E75DBD5,high rising,viet1252,5,Vietnamese,Initial voiceless stop + Rising tone,,high,rising,,,,Step 2,elevating,,onset,voiceless stop,,,,
18,465223D16534B847FAF7B88E6CD17139,falling,sind1278,6,Punjabi,voiced aspirateed coda,,,falling,,,,,falling,,coda,,breathy voiced,,,
19,637AA1A3F3FE939460E3E6126A3CB76A,rising,sind1278,6,Punjabi,initial brethy voiced consonants,,,rising,,,,,rising,,onset,breathy voiced,,,,
20,8D966B2253A917086C8604959E152243,high,nucl1310,7,Burmese,final glottal stop,,high,,,,,,,,coda,,glottal stop,,,
21,2DB64143DDC2CAC168C5937C9E75DBD5,high rising,lahu1253,8,Lahu,final glottal stop,,high,rising,,,,,,,coda,,glottal stop,,,
22,465223D16534B847FAF7B88E6CD17139,falling,midd1344,9,Middle Chinese,final /h/,,,falling,,,,qu sheng,,lexical tone,coda,,/h/,,,
23,637AA1A3F3FE939460E3E6126A3CB76A,rising,midd1344,9,Middle Chinese,final glottal stop,,,rising,,,,shang sheng,,,coda,,glottal stop,,,
24,C9E9A848920877E76685B2E4E76DE38D,level,midd1344,9,Middle Chinese,final sonorant or open syllable,,,level,,,,ping sheng,,lexical tone,coda,,"sonorant, open",,,
25,8A3196A96DC61828EDC0D428E6170CDF,not clear from source,midd1344,9,Middle Chinese,final oral stop,,,,,,,ru sheng,,,coda,,stop,,,
26,3D179A24574181858DE45D3926F3703D,low falling,cher1273,10,Cherokee,inital glide or final glottal consonant,,low,falling,,,,tone and stress interacts,,,coda,sonorant,glottal consonant,,,
27,8D966B2253A917086C8604959E152243,high,cher1273,10,Cherokee,short vowel,,high,,,,,tone and stress interacts,,,nucleus,,,,,short vowel
28,2DB64143DDC2CAC168C5937C9E75DBD5,high rising,cher1273,10,Cherokee,primary stress,,high,rising,,,,tone and stress interacts,,,stress,,,primary stress,,
29,53CCED8D281A1A0ACE3CB6594DAAA4F7,low,cher1273,10,Cherokee,unaccented syllable,,low,,,,,tone and stress interacts,,,stress,,,unaccented syllable,,
30,363F8E13D72049817D8F6E7EB5BFC367,low rising,cher1273,10,Cherokee,addition of a syllable,,low,rising,,,,uncertain,,,wordtype,,,,addition of a syllable,
31,8D966B2253A917086C8604959E152243,high,atha1247,11,Proto-Athabaskan (tonal dialects) group one,short vowel + glottalic stop or sonorant OR long non-glottalic vowel + glottalic sonorants or fricatives OR glottalic full vowel,,high,,,,,,,two tones,coda,,glottalic,,,
32,53CCED8D281A1A0ACE3CB6594DAAA4F7,low,atha1247,11,Proto-Athabaskan (tonal dialects) group one,"Short vowel + stop or sononrant OR long vowel + glottalic stop, stop or sonorant",,low,,,,,,,two tones,coda,,no glotalic coda,,,
33,53CCED8D281A1A0ACE3CB6594DAAA4F7,low,atha1247,12,Proto-Athabaskan (tonal dialects) group two,short vowel + glottalic stop or sonorant OR long non-glottalic vowel + glottalic sonorants or fricatives OR glottalic full vowel,,low,,,,,,,two tones,coda,,glottalic,,,
34,8D966B2253A917086C8604959E152243,high,atha1247,12,Proto-Athabaskan (tonal dialects) group two,"Short vowel + stop or sononrant OR long vowel + glottalic stop, stop or sonorant",,high,,,,,,,two tones,coda,,no glotalic coda,,,
35,8A3196A96DC61828EDC0D428E6170CDF,not clear from source,nort3160,13,Central Scandinavian,apocope causes tonal differences on monosyllables,,,,,,,,,Pitch-accent,wordtype,,,,apocope,
36,53CCED8D281A1A0ACE3CB6594DAAA4F7,low,cemu1238,14,Cem,"words with an aspirated consonant (or a fricative), not initially but in intervocalic position, generally got a low tone in Cem (first from a mid-high sequence) OR  The vocalic sound [a] would seem to be involved as well in the appearance of the low tone, judging by the number of low-tone monosyllables containing [a]",,low,,,,,,,,"nucleus, onset","aspirated, fricative",,,,/a/
37,465223D16534B847FAF7B88E6CD17139,falling,utsa1239,15,Lhasa Tibetan,final glottal stop,,,falling,,,,,,,coda,,glottal stop,,,
38,D41D8CD98F00B204E9800998ECF8427E,,utsa1239,15,Lhasa Tibetan,prefixed sonorant initials,,,,,,,,elevating,,onset,sonorant,,,,
39,D41D8CD98F00B204E9800998ECF8427E,,utsa1239,15,Lhasa Tibetan,voiced initial obstruent OR unprefixexd sonorant initial,,,,,,,,lowering,,onset,"voiced obstruent, other",,,,
40,D41D8CD98F00B204E9800998ECF8427E,,baim1244,16,Baima Tibetan,voiced initials with nasal preradical in short syllables OR voiced initial in long syllables OR all continuant codas except -r,,,,,,,Register difference only in prenasalized onsets in short syllables,elevating,,onset,,,,,
41,D41D8CD98F00B204E9800998ECF8427E,,baim1244,16,Baima Tibetan,voiceless initials with nasal preradical in short syllables OR voiceless initial in long syllable,,,,,,,,lowering,,onset,,,,,
42,8D966B2253A917086C8604959E152243,high,uuuu1243,17,U,high level tone + high vowel,,high,,,,,,,,nucleus,,,,,high vowel
43,53CCED8D281A1A0ACE3CB6594DAAA4F7,low,uuuu1243,17,U,high level tone + low vowel,,low,,,,,,,,nucleus,,,,,low vowel
44,EA7B897B319F23424753237F12616A98,extra high,lugb1240,18,Western Lugbara, +ATR with high tone,extra,high,,,,,allotony?,,,nucleus,,,,, +ATR
45,8D966B2253A917086C8604959E152243,high,lugb1240,18,Western Lugbara,-ATR with high tone,,high,,,,,allotony?,,,nucleus,,,,,-ATR
46,465223D16534B847FAF7B88E6CD17139,falling,khal1275,19,Khaling,Obstruent coda,,,falling,,,,"in monosyllables, or stressed syllables within polysyllabic words",,,coda,,obstruent,,,
47,C9E9A848920877E76685B2E4E76DE38D,level,khal1275,19,Khaling,sonorant coda,,,level,,,,"in monosyllables, or stressed syllables within polysyllabic words",,,coda,,sonorant,,,
48,465223D16534B847FAF7B88E6CD17139,falling,khal1275,19,Khaling,disyllable --> monosyllable,,,falling,,,,,,,wordtype,,,,loss of a syllable,
49,637AA1A3F3FE939460E3E6126A3CB76A,rising,kurt1248,20,Kurtöp,/s/ + sonorant onset,,,rising,,,,Possibly going through a stage of voiced vs voiceless sonorants conditioned by the sibliant.,,,onset,cluster,,,,
50,53CCED8D281A1A0ACE3CB6594DAAA4F7,low,kurt1248,20,Kurtöp,voiced palatal fricative,,low,,,,,Otherwise the tone can be predicted based on the initial consonant,,,onset,voiced fricative,,,,
51,8D966B2253A917086C8604959E152243,high,kurt1248,20,Kurtöp,voiceless palatal fricative,,high,,,,,,,,onset,voiceless fricative,,,,
52,465223D16534B847FAF7B88E6CD17139,falling,moha1257,21,Proto-Mohawk-Oneida,lengthened accented vowel followed by a glottal stop or by * / h / plus a resonant consonant,,,falling,,,,,,,coda,,other,,,
53,53CCED8D281A1A0ACE3CB6594DAAA4F7,low,heil1246,22,Heiltsuk,"glottalic sonorants which become syllablic sonorants without glottalic realisation, but still avoid stress, which is assosiated with high tone",,low,,,,,within the Prosodic Word —but not in its head (stressed) position,,,nucleus,,,,,other
54,8D966B2253A917086C8604959E152243,high,heil1246,22,Heiltsuk,"in the default case Heiltsuk assigns stress, normally realized as high tone, to the leftmost vowel or syllabic sonorant",,high,,,,,,,,stress,,,stress realized as high,,
55,53CCED8D281A1A0ACE3CB6594DAAA4F7,low,iraq1241,23,Iraqw,antepenultimate preceding light penultimate,,low,,,,,,,Pitch-accent,wordtype,,,,other,
56,8D966B2253A917086C8604959E152243,high,iraq1241,23,Iraqw,heavy penultimate syllable (CVV or CVVC) (indicative mood),,high,,,,,Followed by loss of material fromt he end of the word,,Pitch-accent,wordtype,,,,other,
57,53CCED8D281A1A0ACE3CB6594DAAA4F7,low,podo1243,24,Podoko,loss of suffix beginning with depressor consonant,,low,,,,,floating tone,,Pitch-accent,wordtype,,,,other,
58,B02BE9CCED703D8EA146C528088411BA,extra low,bila1255,25,Bila,initial depressor consonant,extra,low,,,,,,,,onset,voiced,,,,
59,D41D8CD98F00B204E9800998ECF8427E,,,26,Bantu D30,initial depressor consonants,,,,,rising verb tone melody,,,,,onset,voiced,,,,
60,C9E9A848920877E76685B2E4E76DE38D,level,dzon1239,27,Dzongkha,coda consonants other than /-r/ and /-l/,,,level,,,,,,,coda,,,,,
61,465223D16534B847FAF7B88E6CD17139,falling,dzon1239,27,Dzongkha,loss of a second syllable OR loss of a coda /-r/ or /-l/.,,,falling,,,,,,,"coda, wordtype",,sonorant,,loss of a syllable,
62,53CCED8D281A1A0ACE3CB6594DAAA4F7,low,dzon1239,27,Dzongkha,"cluster Obstuent+voiced obstruent, voiced onset, initial sonorant",,low,,,,,"cluster simplified to only second element, voiced obstruents devoiced",,,onset,"voiced, cluster",,,,
63,8D966B2253A917086C8604959E152243,high,dzon1239,27,Dzongkha,obstruent+sonorant cluster OR voiceless onset OR obstruent+voiceless obstruent cluster,,high,,,,,"first element of cluster with sonorants reduced to a glottal stop, second element retained in obstruent + voiceless obstruent clusters",,,onset,"voiceless, cluster",,,,
64,22384709D743FE3C6FB0A4B35B2E10A6,mid,kohu1244,28,Kohumono,depressor consonant + high tone,,mid,,,,,high tone split in two,,,onset,voiced,,,,
65,53CCED8D281A1A0ACE3CB6594DAAA4F7,low,kore1280,29,Korean,"voiceless initial, at the beginning of accentual phrase",,low,,,,,"in some speakers, still ongoing",,,onset,voiceless,,,,
66,8D966B2253A917086C8604959E152243,high,kore1280,29,Korean,"voiceless aspirated initial, at the beginning of accentual phrase",,high,,,,,"in some speakers, still ongoing",,,onset,voiceless aspirated,,,,
67,0F4ADB3D82C14720E71926DDCE788F65,mid falling,pwon1235,30,Phlong,voiced onset + tone A,,mid,falling,,,,,,,onset,voiced,,,,
68,53CCED8D281A1A0ACE3CB6594DAAA4F7,low,pwon1235,30,Phlong,voiced onset + tone B,,low,,,,,,,,onset,voiced,,,,
69,84059A815F0086393BE24A029A3B1819,Mid-rising glottalised,pwon1235,30,Phlong,voiced onset + tone C (checked),,mid,rising,glottalised,,,,,,onset,voiced,,,,
70,22384709D743FE3C6FB0A4B35B2E10A6,mid,pwon1235,30,Phlong,voiceless aspirate or voiceless onset + tone B,,mid,,,,,,,,onset,"voiceless aspirated, voiceless",,,,
71,8D966B2253A917086C8604959E152243,high,pwon1235,30,Phlong,voiceless aspirate or voiceless onset + tone A,,high,,,,,,,,onset,"voiceless aspirated, voiceless",,,,
72,CD3D2E3D9AA1E0D0E03EF0470EA24143,Mid-falling glottalised,pwon1235,30,Phlong,voiceless aspirate or voiceless onset + tone C,,mid,falling,glottalised,,,,,,onset,"voiceless aspirated, voiceless",,,,
73,465223D16534B847FAF7B88E6CD17139,falling,hmon1333,31,White Hmong,final /h/,,,falling,,,,,,,coda,,/h/,,,
74,637AA1A3F3FE939460E3E6126A3CB76A,rising,hmon1333,31,White Hmong,final glottal stop,,,rising,,,,,,,coda,,glottal stop,,,
75,C9E9A848920877E76685B2E4E76DE38D,level,hmon1333,31,White Hmong,open syllable,,,level,,,,,,,coda,,open,,,
76,D41D8CD98F00B204E9800998ECF8427E,,hmon1333,31,White Hmong,final voiceless stop,,,,,,21ʔ,,,,coda,,voiceless stop,,,
77,363F8E13D72049817D8F6E7EB5BFC367,low rising,hmon1333,31,White Hmong,voiced initial + rising tone,,,,,,22,,,,onset,voiced,,,,
78,3D179A24574181858DE45D3926F3703D,low falling,hmon1333,31,White Hmong,voiced intial + falling tone,,,,,,31,,,,onset,voiced,,,,
79,53CCED8D281A1A0ACE3CB6594DAAA4F7,low,hmon1333,31,White Hmong,voiced initial + level tone,,,,,,53,,,,onset,voiced,,,,
80,2DB64143DDC2CAC168C5937C9E75DBD5,high rising,hmon1333,31,White Hmong,voiceless initial + rising tone,,,,,,24,,,,onset,voiceless,,,,
81,B5374888049DEB2C3FB47CC84146F460,high falling,hmon1333,31,White Hmong,voiceless intial + falling tone,,,,,,33,,,,onset,voiceless,,,,
82,8D966B2253A917086C8604959E152243,high,hmon1333,31,White Hmong,voiceless initial + level tone,,,,,,55,,,,onset,voiceless,,,,
83,465223D16534B847FAF7B88E6CD17139,falling,hopi1249,32,Hopi,"-h, -s (< *-hs), preaspiration on the following syllable onset, or a voiceless semivowel or sonorant.",,,falling,,,,,,,coda,,"voiceless fricative, voiceless sonorant",,,
84,53CCED8D281A1A0ACE3CB6594DAAA4F7,low,,33,Blimaw,Voiced onset + tone B,,low,,,,,,,,onset,voiced,,,,
85,22384709D743FE3C6FB0A4B35B2E10A6,mid,,33,Blimaw,Voiceless onset + tone B/voiced + tone A,,mid,,,,,,,,onset,"voiced, voiceless",,,,
86,8D966B2253A917086C8604959E152243,high,,33,Blimaw,voiceless onset + tone A,,high,,,,,,,,onset,voiceless,,,,
87,53CCED8D281A1A0ACE3CB6594DAAA4F7,low,huuu1240,34,Hu,long vowel,,low,,,,,,,,nucleus,,,,,long vowel
88,8D966B2253A917086C8604959E152243,high,huuu1240,34,Hu,short vowel,,high,,,,,,,,nucleus,,,,,short vowel
89,3940B1A924E0BE5223F9EA06B8BAF7CF,rising-falling,esto1258,35,Estonian,extra long vowel,,,rising-falling,,,,,,,nucleus,,,,,long vowel
90,EA7B897B319F23424753237F12616A98,extra high,benc1235,36,Gimira,high vowels,extra,high,,,,,,,,nucleus,,,,,high vowel
91,3D179A24574181858DE45D3926F3703D,low falling,sout2746,37,Nakhon Si Thammarat Thai,voiced stop onset + tone A,,low,falling,,,31,low register,lowering,,onset,voiced stop,,,,
92,5AA1CA73AEEBBA99B1FC278AB0E88B90,low register version of tone B,sout2746,37,Nakhon Si Thammarat Thai,voiced stop onset + tone B,,low,rising,,,35,low register,lowering,,onset,voiced stop,,,,
93,1FF3E764217B0421A5360E2174B45D62,low level,sout2746,37,Nakhon Si Thammarat Thai,voiced stop onset + tone C,,low,level,,,11,low register,lowering,,onset,voiced stop,,,,
94,B5374888049DEB2C3FB47CC84146F460,high falling,sout2746,37,Nakhon Si Thammarat Thai,aspirated voiceless stop or preaspirated nasal onset + tone A OR aspirated voiceless stop or preaspirated nasal onset + tone B,,high,falling,,,53,high register,elevating,,onset,"voiceless aspirated stop, preaspirated nasal",,,,
95,4F7250D3224B54AEBB4CB4CE0E320015,high level,sout2746,37,Nakhon Si Thammarat Thai,aspirated voiceless stop or preaspirated nasal onset + tone C,,high,level,,,55,high register,elevating,,onset,"voiceless aspirated stop, preaspirated nasal",,,,
96,7B48D4B174817A6C032167F71733D1D0,mid rising,sout2746,37,Nakhon Si Thammarat Thai,Glottalized voiced consonant or voiceless stop onset + tona B OR Glottalized voiced consonant or voiceless stop onset + tona A,,mid,rising,,,24,mid register,mid,,onset,"voiceless stop, glottalized voiced",,,,
97,22384709D743FE3C6FB0A4B35B2E10A6,mid,sout2746,37,Nakhon Si Thammarat Thai,Glottalized voiced consonant or voiceless stop onset + tona C,,mid,level,,,33,mid register,mid,,onset,"voiceless stop, glottalized voiced",,,,
98,D41D8CD98F00B204E9800998ECF8427E,,,38,Yung Chiang Kam,voiced stop onset + tone A,,,,,,212,low register,lowering,,onset,voiced stop,,,,
99,D41D8CD98F00B204E9800998ECF8427E,,,38,Yung Chiang Kam,voiced stop onset + tone B,,,,,,33,low register,lowering,,onset,voiced stop,,,,
100,D41D8CD98F00B204E9800998ECF8427E,,,38,Yung Chiang Kam,voiced stop onset + tone C,,,,,,31,low register,lowering,,onset,voiced stop,,,,
101,D41D8CD98F00B204E9800998ECF8427E,,,38,Yung Chiang Kam,aspirated voiceless stop or preaspirated nasal onset + tone A,,,,,,35,mid register,mid,,onset,"voiceless aspirated stop, preaspirated nasal",,,,
102,D41D8CD98F00B204E9800998ECF8427E,,,38,Yung Chiang Kam,aspirated voiceless stop or preaspirated nasal onset + tone B,,,,,,453,mid register,mid,,onset,"voiceless aspirated stop, preaspirated nasal",,,,
103,D41D8CD98F00B204E9800998ECF8427E,,,38,Yung Chiang Kam,aspirated voiceless stop or preaspirated nasal onset + tone C,,,,,,13,mid register,mid,,onset,"voiceless aspirated stop, preaspirated nasal",,,,
104,8D966B2253A917086C8604959E152243,high,,38,Yung Chiang Kam,voiceless stop or voiced preglottalized stop onset + tone A,,,,,,55,high register,elevating,,onset,"voiceless stop, voiced preglottalized stop",,,,
105,B5374888049DEB2C3FB47CC84146F460,high falling,,38,Yung Chiang Kam,voiceless stop or voiced preglottalized stop onset + tone B,,,,,,53,high register,elevating,,onset,"voiceless stop, voiced preglottalized stop",,,,
106,D41D8CD98F00B204E9800998ECF8427E,,,38,Yung Chiang Kam,voiceless stop or voiced preglottalized stop onset + tone C,,,,,,323,high register,elevating,,onset,"voiceless stop, voiced preglottalized stop",,,,
107,D41D8CD98F00B204E9800998ECF8427E,,shan1277,39,Shan,voiced stop onset + tone A,,,,,,55,high register,elevating,,onset,voiced stop,,,,
108,D41D8CD98F00B204E9800998ECF8427E,,shan1277,39,Shan,voiced stop onset + tone B,,,,,,22,high register,elevating,,onset,voiced stop,,,,
109,D41D8CD98F00B204E9800998ECF8427E,,shan1277,39,Shan,Voiced stop onset + tone C,,,,,,44,high register,elevating,,onset,voiced stop,,,,
110,D41D8CD98F00B204E9800998ECF8427E,,shan1277,39,Shan,voiceless stop or preaspirated nasal onset + tone A,,,,,,334,low register,lowering,,onset,"voiceless stop, preaspirated nasal",,,,
111,D41D8CD98F00B204E9800998ECF8427E,,shan1277,39,Shan,voiceless stop or preaspirated nasal onset + tone B,,,,,,11,low register,lowering,,onset,"voiceless stop, preaspirated nasal",,,,
112,D41D8CD98F00B204E9800998ECF8427E,,shan1277,39,Shan,voiceless stop or preaspirated nasal onset + tone C,,,,,,22,low register,lowering,,onset,"voiceless stop, preaspirated nasal",,,,
113,D41D8CD98F00B204E9800998ECF8427E,,,40,Szu ta Chai,voiced stop onset + tone A,,,,,,35,high register,elevating,,onset,voiced stop,,,,
114,D41D8CD98F00B204E9800998ECF8427E,,,40,Szu ta Chai,voiced stop onset + tone B,,,,,,33,high register,elevating,,onset,voiced stop,,,,
115,D41D8CD98F00B204E9800998ECF8427E,,,40,Szu ta Chai,voiced stop + tone C,,,,,,44,high register,elevating,,onset,voiced stop,,,,
116,D41D8CD98F00B204E9800998ECF8427E,,,40,Szu ta Chai,voiced stop + tone D,,,,,,33,high register,elevating,,onset,voiced stop,,,,
117,D41D8CD98F00B204E9800998ECF8427E,,,40,Szu ta Chai,Aspirated voiceless stop or prenasalized aspirated voiceless stop onset + tone A,,,,,,13,low register,lowering,,onset,"voiceless aspirated, prenasalized aspirated voiceless stop",,,,
118,D41D8CD98F00B204E9800998ECF8427E,,,40,Szu ta Chai,Aspirated voiceless stop or prenasalized aspirated voiceless stop onset + tone B,,,,,,34,low register,lowering,,onset,"voiceless aspirated, prenasalized aspirated voiceless stop",,,,
119,D41D8CD98F00B204E9800998ECF8427E,,,40,Szu ta Chai,Aspirated voiceless stop or prenasalized aspirated voiceless stop onset + tone C OR aspirated voiceless stop or prenasalized aspirated voiceless stop onset + tone D,,,,,,11,low register,lowering,,onset,"voiceless aspirated, prenasalized aspirated voiceless stop",,,,
120,D41D8CD98F00B204E9800998ECF8427E,,,40,Szu ta Chai,"voiceless stop, preglottalized nasal or prenasalised voiceless stop onset  + tone A",,,,,,33,mid register,mid,,onset,"voiceless stop, preglottalized nasal, prenasalised voiceless stop",,,,
121,D41D8CD98F00B204E9800998ECF8427E,,,40,Szu ta Chai,"voiceless stop, preglottalized nasal or prenasalised voiceless stop onset + tone B",,,,,,44,mid register,mid,,onset,"voiceless stop, preglottalized nasal, prenasalised voiceless stop",,,,
122,D41D8CD98F00B204E9800998ECF8427E,,,40,Szu ta Chai,"voiceless stop, preglottalized nasal or prenasalised voiceless stop onset + tone C",,,,,,13,mid register,mid,,onset,"voiceless stop, preglottalized nasal, prenasalised voiceless stop",,,,
123,D41D8CD98F00B204E9800998ECF8427E,,,40,Szu ta Chai,"voiceless stop, preglottalized nasal or prenasalised voiceless stop onset + tone D",,,,,,31,mid register,mid,,onset,"voiceless stop, preglottalized nasal, prenasalised voiceless stop",,,,
124,8D966B2253A917086C8604959E152243,high,midd1319,41,Central Franconian,analogical alenghtening of vowel in singular to match plural,,high,,,,,,,Pitch-accent,other,,,,,
125,53CCED8D281A1A0ACE3CB6594DAAA4F7,low,newc1243,42,Central North New Caledonian languages,"words which had not undergone reduplication, therefore did not develop aspirated consonants .",,low,,,,,,,,onset,no aspiration,,,,
126,8D966B2253A917086C8604959E152243,high,newc1243,42,Central North New Caledonian languages,voiceless geminate consonants become aspirated: reduplication CVCV > CCV > ChV,,high,,,,,,,,onset,voiceless aspirated,,,,
127,8D966B2253A917086C8604959E152243,high,extr1245,43,Far South New Caledonian langauges,voiceless geminate consonants become aspirated: reduplication CVCV > CCV > ChV,,high,,,,,,,,onset,aspirated,,,,
128,53CCED8D281A1A0ACE3CB6594DAAA4F7,low,extr1245,43,Far South New Caledonian langauges,"words which had not undergone reduplication, therefore did not develop aspirated consonants .",,low,,,,,,,,onset,no aspiration,,,,
129,58763641AC42DE7F4EA0459DF03CB553,unclear from source,taik1256,44,Kra-Dai languages,"sonorant endings (vowels, semi-vowels, nasals, liquids) and Proto-Austronesian *-H2",,,,,,,tone A,,,coda,,"open, semivowel, sonorant, other",,,
130,58763641AC42DE7F4EA0459DF03CB553,unclear from source,taik1256,44,Kra-Dai languages,final oral stop,,,,,,,tone D,,,coda,,stop,,,
131,58763641AC42DE7F4EA0459DF03CB553,unclear from source,taik1256,44,Kra-Dai languages,PAN *-H1,,,,,,,tone C,,,coda,,other,,,
132,58763641AC42DE7F4EA0459DF03CB553,unclear from source,taik1256,44,Kra-Dai languages,"PAN *-R, *-X",,,,,,,tone B,,,coda,,other,,,
133,8D966B2253A917086C8604959E152243,high,samo1305,45,Samoan,"Case marker ""ia"" dissappears and leads to high tone on the last syllable of the word immediatly preceeding the absolutive argument",,high,,,,,,,,wordtype,,,,,
134,D41D8CD98F00B204E9800998ECF8427E,,dani1285,46,Zealand Danish,Loss of final ə: Hoppe > hop (developed after the stød contrast),,,,,"""later and smoother"" rise in pich compared to original monosyllables",,,,Pitch-accent,wordtype,,,,loss of a syllable,
135,58763641AC42DE7F4EA0459DF03CB553,unclear from source,dani1285,47,East Slesvig,Apocope leads to new distinction in monosyllables after loss of accent 1/ accent 2 distinction,,,,,,,,,Pitch-accent,wordtype,,,,,
136,637AA1A3F3FE939460E3E6126A3CB76A,rising,scot1245,48,Scottish gaelic (Bernera),"words where epenthesis turns a monosyllable into a bisyllable, or original monosyllables",,,rising,,,,,,Pitch-accent,wordtype,,,,"addition of a syllable, monosyllabic",
137,3940B1A924E0BE5223F9EA06B8BAF7CF,rising-falling,scot1245,48,Scottish gaelic (Bernera),original bisyllables or words where the loss of an intervocalic consonant turns a bisyllable into a monosyllable,,,rising-falling,,early peak (high tone on first vowel),,,,Pitch-accent,wordtype,,,,"bisyllable, other",
138,8D966B2253A917086C8604959E152243,high,limb1263,49,Limburgish,"high long vowel, diphthong or short vowel + any consonant but /r, ŋ/ coda",,high,,,,,,,Pitch-accent,coda,,,bimoraic,,high vowel
139,465223D16534B847FAF7B88E6CD17139,falling,limb1263,49,Limburgish,"mid tone + low long vowel, short vowel + /r, ŋ/ OR long high vowel, diphthong or short vowel followed by a sonorant consonant get a falling tone if the next syllable has undergone Schwa Apocope",,,falling,,,,,,Pitch-accent,"coda, wordtype",,,,,
140,8D966B2253A917086C8604959E152243,high,tian1238,50,T’ientsin,initial voiced consonant,,high,,,,,,,,onset,voiced,,,,
141,EA7B897B319F23424753237F12616A98,extra high,tsat1238,51,Utsat,final -h + high tone,extra,high,,,,55,,,,coda,,/h/,,,
142,8D966B2253A917086C8604959E152243,high,tsat1238,51,Utsat,"final stop + high tone, voiceless final",,high,,,,,,,,coda,,stop,,,
143,53CCED8D281A1A0ACE3CB6594DAAA4F7,low,tsat1238,51,Utsat,voiced final,,low,,,,,,,,coda,,voiced,,,
144,22384709D743FE3C6FB0A4B35B2E10A6,mid,tsat1238,51,Utsat,low tone + onset other than voiced stop or affricate,,mid,,,,33,,,,onset,other,,,,
145,637AA1A3F3FE939460E3E6126A3CB76A,rising,tsat1238,51,Utsat,lower high tone + onset other than voiced stop or affricate,,,rising,,,24,,,,onset,other,,,,
146,465223D16534B847FAF7B88E6CD17139,falling,tsat1238,51,Utsat,lower high tone + voiced stop or affricate onset,,,falling,,,42,,,,onset,"voiced stop, voiced affricate",,,,
147,53CCED8D281A1A0ACE3CB6594DAAA4F7,low,tsat1238,51,Utsat,low tone + voiced stop or affricate onset,,low,,,,11,,,,onset,"voiced stop, voiced affricate",,,,
148,D41D8CD98F00B204E9800998ECF8427E,,thai1261,52,Proto-Tai,Voiced initial consonant + tone A,,,,,,,"Lower version of A. Phonetic nature of A, B, C unknown",lowering,,onset,voiced,,,,
149,D41D8CD98F00B204E9800998ECF8427E,,thai1261,52,Proto-Tai,Voiced initial consonant + tone B,,,,,,,"Lowr version of A. Phonetic nature of A, B, C unknown",lowering,,onset,voiced,,,,
150,D41D8CD98F00B204E9800998ECF8427E,,thai1261,52,Proto-Tai,Voiced initial consonant + tone C,,,,,,,"Lower version of B. Phonetic nature of A, B, C unknown",lowering,,onset,voiced,,,,
151,D41D8CD98F00B204E9800998ECF8427E,,thai1261,52,Proto-Tai,Voiceless initial consonant + tone A,,,,,,,"Higher version of A. Phonetic nature of A, B, C unknown",elevating,,onset,voiceless,,,,
152,D41D8CD98F00B204E9800998ECF8427E,,thai1261,52,Proto-Tai,Voiceless initial consonant + tone B,,,,,,,"Higher version of B. Phonetic nature of A, B, C unknown",elevating,,onset,voiceless,,,,
153,D41D8CD98F00B204E9800998ECF8427E,,thai1261,52,Proto-Tai,Voiceless initial consonant + tone C,,,,,,,"Higher version of C. Phonetic nature of A, B, C unknown",elevating,,onset,voiceless,,,,
154,637AA1A3F3FE939460E3E6126A3CB76A,rising,slav1255,53,Late Proto-Slavic,loss of the glottal constriction (in stressed syllables),,,,,short rising tone,,,,Pitch-accent,coda,,glottal constriction,,,
155,D41D8CD98F00B204E9800998ECF8427E,,slav1255,53,Late Proto-Slavic,rise of distinctive Low tone on initial syllables of “unstressed” word forms versus High tone under the stress,,,,,,,,,Pitch-accent,stress,,,stress,,
156,D41D8CD98F00B204E9800998ECF8427E,,yeni1252,54,Pre-proto-Yeniseian,non-glottalized coda obstruent,,,,,abrupt tone on a short vowel with laryngealization or a glottal stop in its second phase,,,,,coda,,not glottalized,,,
157,4F7250D3224B54AEBB4CB4CE0E320015,high level,yeni1252,54,Pre-proto-Yeniseian,"short vowel + glottalized coda obstruent OR monosyllable that originally contained a full (i.e., long, perhaps originally diphthongized?) vowel nucleus",,high,,,,,,,,"coda, wordtype",,glottalized,,other,
158,8D966B2253A917086C8604959E152243,high,bwek1238,55,Chitabu (bwe),voiceless/upper register + tone A,,high,,,,,,,,onset,voiceless,,,,
159,53CCED8D281A1A0ACE3CB6594DAAA4F7,low,bwek1238,55,Chitabu (bwe),Voiceless/ uper register + tone B/C OR voiced/lower register + tone A/B/C,,low,,,,,,,,onset,"voiceless, voiced",,,,
160,8D966B2253A917086C8604959E152243,high,chey1247,56,Cheyenne,long vowels,,high,,,,,,,,nucleus,,,,,long vowel
161,53CCED8D281A1A0ACE3CB6594DAAA4F7,low,chey1247,56,Cheyenne,short vowels,,low,,,,,,,,nucleus,,,,,short vowel
162,53CCED8D281A1A0ACE3CB6594DAAA4F7,low,kick1244,57,Kickapoo,before preaspirate obstruent OR before /h/,,low,,,,,,,,coda,,"preaspirated, /h/",,,
163,8D966B2253A917086C8604959E152243,high,boro1277,58,Shinasha,Tendency for high pitch at the end of words,,high,,,,,high tone on sufixes,,,other,,,,,
164,8D966B2253A917086C8604959E152243,high,pwoo1239,59,Pwo Karen,Voiced onset + tone B,,high,,,,,,,,onset,voiced,,,,
165,CB6DB1B733EFEEF2FA281C080A4F0241,mid creaky or glottal-stopped,pwoo1239,59,Pwo Karen,Voiced onset + tone C,,mid,,creaky/glottal stop,,,,,,onset,voiced,,,,
166,53CCED8D281A1A0ACE3CB6594DAAA4F7,low,pwoo1239,59,Pwo Karen,voiceless aspirated onset + tone A,,low,,,,,,,,onset,voiceless aspirated,,,,
167,E1F71B80D9DDDF429B5B4005C5D0AE10,high creaky,pwoo1239,59,Pwo Karen,voiceless aspirated or plain voiceless onset + tone B,,high,,creaky,,,,,,onset,"voiceless aspirated, voiceless",,,,
168,8A4C5A1C9C7DBB4AB040931642265F28,low creaky or glottal-stopped,pwoo1239,59,Pwo Karen,voiceless aspirated or plain voiceless onset + tone C (checked),,low,,creaky/glottal stop,,,,,,onset,"voiceless aspirated, voiceless",,,,
169,22384709D743FE3C6FB0A4B35B2E10A6,mid,pwoo1239,59,Pwo Karen,plain voiceless or voiced onset + tone A,,mid,,,,,,,,onset,"voiceless unaspirated, voiced",,,,
170,2EFB5A6796EECE9532432F1470BFB1CB,high mid,sgaw1245,60,Sgaw Karen,Voiced initial + proto-tone A,high,mid,,,,,,,,onset,voiced,,,,
171,53CCED8D281A1A0ACE3CB6594DAAA4F7,low,sgaw1245,60,Sgaw Karen,Voiced intial + proto-tone B OR voiced intial + proto-tone C (checked),,low,,,,,,,,onset,voiced,,,,
172,8D966B2253A917086C8604959E152243,high,sgaw1245,60,Sgaw Karen,inital aspirated voiceless/unaspirated voiceless + proto-tone A OR inital aspirated voiceless/initial unaspirated voiceless + proto-tone C (Checked syllables),,high,,,,,,,,onset,"voiceless aspirated, voiceless",,,,
173,B8D2A4743664275F24C327C1963DEC5D,low mid,sgaw1245,60,Sgaw Karen,inital aspirated voiceless or unaspirated voiceless + proto-tone B,low,mid,,,,,,,,onset,"voiceless aspirated, voiceless",,,,
174,465223D16534B847FAF7B88E6CD17139,falling,prus1238,61,West Baltic (Prussian,the absence of glottalization,,,falling,,,,,,,coda,,absence of glottalization,,,
175,637AA1A3F3FE939460E3E6126A3CB76A,rising,prus1238,61,West Baltic (Prussian,glottalization,,,rising,,a rising tone on long vowels and diphthongs,,,,,coda,,glottalized,,,
176,53CCED8D281A1A0ACE3CB6594DAAA4F7,low,,62,Tokpe Gola (Tibetan),voiced unaspirated or voiceless aspirated onset consonants OR prenazalised stop initals OR often occur with breathy phonation,,low,,,,,,,,onset,"voiced unaspirated, voiceless aspirated, prenazalised",,,,
177,8D966B2253A917086C8604959E152243,high,,62,Tokpe Gola (Tibetan),voiceless unaspirated or voiceless aspirated onset consonants and modal phonation,,high,,,,,,,,onset,voiceless,,,,
178,53CCED8D281A1A0ACE3CB6594DAAA4F7,low,zhuo1234,63,Zhuoni Tibetan,"short syllables (Old Tibetan open and checked) with voiced initial OR  Long syllables (Old Tibetan sonorant coda and contracted disyllables) in most cases, except syllables with non-nasal preradcials",,low,,,,,,,,onset,voiced,,,,
179,8D966B2253A917086C8604959E152243,high,zhuo1234,63,Zhuoni Tibetan,short syllables (Old Tibetan open and checked) with voiceless initial . Long syllables (Old Tibetan sonorant coda and contracted disyllables) with non-nasal preradical,,high,,,,,,,,onset,"voiceless,  other",,,,
180,B5374888049DEB2C3FB47CC84146F460,high falling,cent2346,65,Rikeze Tibetan,high tone + glottal stop,,high,falling,,,,,,,coda,,glottal stop,,,
181,3D179A24574181858DE45D3926F3703D,low falling,cent2346,65,Rikeze Tibetan,low tone + glottal stop,,low,falling,,,,,,,coda,,glottal stop,,,
182,465223D16534B847FAF7B88E6CD17139,falling,,66,Zhibo Tibetan,high tone +glottal stop,,,falling,,,,,,,coda,,glottal stop,,,
183,8D966B2253A917086C8604959E152243,high,,66,Zhibo Tibetan,high tone without glottal stop,,high,,,,,,,,coda,,no glottal stop,,,
184,D41D8CD98F00B204E9800998ECF8427E,,tuuu1240,67,Mongour,"The default prosodic pattern in SEM places lexical stress, which is realized by a raised tone melody, typically on the last syllable of the word. The raised tone melody is absent under two circumstances: in utterance-final syllables and in final syllables of certain lexical pairs.",,,,,,,,,,stress,,,lexical stress,,
185,637AA1A3F3FE939460E3E6126A3CB76A,rising,raja1258,68,Proto-Maˈya,"Onset *q, word-final *R (most likely a voiced uvular trill)",,,rising,,,,tentative,,only word final tone,"onset, coda",other,other,,,
186,8D966B2253A917086C8604959E152243,high,raja1258,68,Proto-Maˈya,penultimate stress,,high,,,,,Tones are restricted to word-final syllables.,,only word final tone,stress,,,penultimate,,
187,4F7250D3224B54AEBB4CB4CE0E320015,high level,matb1237,69,Magey Matbat,onset *p,,high,level,,,,Tones are associated with syllables . All monosyllabic words have tone. All polysyllabic words contain at least one,,syllable-tone,onset,other,,,,
188,D41D8CD98F00B204E9800998ECF8427E,,morm1235,70,Moor,There is (weak) relationship between tone 3 and words that become (or remain) disyllabic,,,,,"Tone 3, transcribed with a grave accent on the first vowel of the penultimate syllable, is realized as low pitch on initial syllables, with a rise on the penultimate syllable and mid pitch on the final syllable (L*RM).",,"a word-tone system, with four basic tonal patterns, tones are realized only on phrase-final words.",,word-tone,wordtype,,,,disyllabic,
189,D41D8CD98F00B204E9800998ECF8427E,,morm1235,70,Moor,words that become (or remain) monosyllablic re,,,,,"Tone 1, transcribed with an acute accent on the first vowel of the final syllable, is realized as high pitch on initial syllables, with a fall on the final syllable (H*F). T",,"a word-tone system, with four basic tonal patterns, tones are realized only on phrase-final words.",,word-tone,wordtype,,,,monosyllabic,
190,D41D8CD98F00B204E9800998ECF8427E,,ires1239,71,Yerisiam,introduction of word-final /a/,,,,,"Pattern 2 consists of initial high tone followed by a shift to low on some mora (HL), the tone shifted from H to L on the second mora of the penult if it was long (*HH-H > HL-L), otherwise on the final syllable, During the second stage, some words that were not a-final in the first stage acquired lowtone a-final suffixes. This introduced a shift to L on the final syllable (*HH-H > HH-H-L). (*H-H > H-L)",,"The tone-bearing unit is the mora, three common word tone patterns",,mora-tone,wordtype,,,,addition of a syllable,
191,637AA1A3F3FE939460E3E6126A3CB76A,rising,east2280,72,East Baltic (Latvian and Lithuanian),"As a result of the loss of antevocalic *i, a High tone (i.e. stress) on this vowel was retracted to the preceding syllable in East Baltic, yielding a rising (=Low–High) tone. The stress was similarly retracted from final *–a.",,,rising,,,,,,Pitch-accent,stress,,,stress retraction,,
192,465223D16534B847FAF7B88E6CD17139,falling,latv1249,73,Latvian,"When the newly stressed syllabic nucleus was constricted, the glottalization was lost in Lithuanian, but not in Latvian, where it was weakened and developed into creaky voice quality",,,falling,,,,,,Pitch-accent,coda,,creaky,,,
193,05F36F7F086099ACABAB74AB2D1D3CA2,long high,latv1249,73,Latvian,loss of glottalization in originally stressed constricted syllables,,high,,,,,,,Pitch-accent,coda,,loss of glottalization,,,
194,637AA1A3F3FE939460E3E6126A3CB76A,rising,lith1251,74,Lithuanian,stressed constricted syllable (previously rising tone),,,rising,,,,,,Pitch-accent,stress,,,stressed constricted,,
195,22384709D743FE3C6FB0A4B35B2E10A6,mid,lith1251,74,Lithuanian,stressed unconstricted syllable (previously rising tone),,mid,,,,,,,Pitch-accent,stress,,,stressed unconstricted,,
196,465223D16534B847FAF7B88E6CD17139,falling,auks1239,75,Auktaitian dialects of Lithuanian,"the glottalization of originally stressed constricted syllables was weakened and developed into creaky voice quality, resulting in a falling tone",,,falling,,,,,,,coda,,creaky,,,
197,0DDE09C6F1F207781B038E452EEE1CE6,toneless,metn1237,76,Metnyo Ambel,toneless syllable with high vowels,,low,,,,,High tone already existed on other words,,,nucleus,,,,,high vowel
198,8D966B2253A917086C8604959E152243,high,metn1237,76,Metnyo Ambel,toneless syllable with non-high vowels,,high,,,,,,,,nucleus,,,,,low vowel
199,D41D8CD98F00B204E9800998ECF8427E,,can1236,77,Cantonese,voiced onset + tone 1,,,falling,,,21,,,,onset,voiced,,,,
200,D41D8CD98F00B204E9800998ECF8427E,,can1236,77,Cantonese,voiced onset + tone 2,,low,rising,,,24,,,,onset,voiced,,,,
201,D41D8CD98F00B204E9800998ECF8427E,,can1236,77,Cantonese,voiced onset + tone 3,,low,level,,,33,,,,onset,voiced,,,,
202,D41D8CD98F00B204E9800998ECF8427E,,can1236,77,Cantonese,voiceless onset + tone 1,,high,level,,,55,,,,onset,voiceless,,,,
203,D41D8CD98F00B204E9800998ECF8427E,,can1236,77,Cantonese,voiceless onset + tone 2,,high,rising,,,35,,,,onset,voiceless,,,,
204,D41D8CD98F00B204E9800998ECF8427E,,can1236,77,Cantonese,voiceless onset + tone 3,,mid,level,,,44,,,,onset,voiceless,,,,
205,465223D16534B847FAF7B88E6CD17139,falling,nupe1254,78,Nupe,"vowel deletion, two tones attached to one TBU",,,falling,,,,,,,wordtype,,,,,
206,D41D8CD98F00B204E9800998ECF8427E,,arap1274,79,Arapaho,disyllable that stays disyllabic,,,,,accent on first syllable (acent = peak),,,,Pitch-accent,wordtype,,,,no change,
207,D41D8CD98F00B204E9800998ECF8427E,,arap1274,79,Arapaho,"trisyllable > disyllable, disyllable with secondarily lenghtened vowel in second syllable",,,,,accent on final syllable (acent = peak),,,,Pitch-accent,"wordtype, nucleus",,,,loss of a syllable,long vowel
208,465223D16534B847FAF7B88E6CD17139,falling,moha1258,80,Mohawk,stressed syllable with glottal stop or /h/ coda,,,falling,,,,,,,coda,,,,,
209,465223D16534B847FAF7B88E6CD17139,falling,cadd1256,81,Caddo,laryngeal coda,,,falling,,,,,,Three tones,coda,,laryngeal,,,
210,465223D16534B847FAF7B88E6CD17139,falling,kere1287,82,Keres,laryngeal coda,,,falling,,,,,,,coda,,laryngeal,,,
211,465223D16534B847FAF7B88E6CD17139,falling,take1257,83,Takelma,laryngeal coda,,,falling,,,,,,,coda,,laryngeal,,,
212,465223D16534B847FAF7B88E6CD17139,falling,quil1240,84,Quileute,laryngeal coda,,,falling,,,,,,,coda,,laryngeal,,,
213,8D966B2253A917086C8604959E152243,high,geba1237,85,Geba,voiceless/upper register + tone A,,high,,,,,,,,onset,voiceless,,,,
214,22384709D743FE3C6FB0A4B35B2E10A6,mid,geba1237,85,Geba,"Voiceless/ uper register + tone B/C, voiced/lower register + tone A/B/C",,mid,,,,,,,,onset,"voiceless, voiced",,,,
215,465223D16534B847FAF7B88E6CD17139,falling,coas1300,86,Coast Tsimshian,laryngeal coda,,,falling,,,,,,,coda,,laryngeal,,,
216,465223D16534B847FAF7B88E6CD17139,falling,tlin1245,87,Sanya-Henya Tlingit,laryngeal coda,,,falling,,,,,,,coda,,laryngeal,,,
217,D41D8CD98F00B204E9800998ECF8427E,,,88,Dong,"preglottalized, or plain unvoiced stop: (*ɓ>)m,(*ʔm>)m,(*ʔn>)n,(*ɗ>)l,(*ʔʀ>)j, k, t, p + tone A",,,,,,55,,,,onset,,,,,
218,D41D8CD98F00B204E9800998ECF8427E,,,88,Dong,"preglottalized, or plain unvoiced stop: (*ɓ>)m,(*ʔm>)m,(*ʔn>)n,(*ɗ>)l,(*ʔʀ>)j, k, t, p + Tone B",,,,,,53,,,,onset,,,,,
219,D41D8CD98F00B204E9800998ECF8427E,,,88,Dong,"preglottalized, or plain unvoiced stop: (*ɓ>)m,(*ʔm>)m,(*ʔn>)n,(*ɗ>)l,(*ʔʀ>)j, k, t, p + Tone C",,,,,,323,,,,onset,,,,,
220,D41D8CD98F00B204E9800998ECF8427E,,,88,Dong,"voiceless continuant, or aspirated stop: (*m̥>)m,(*n̥>)n,(*ɲ̊>)ɲj,(*ŋ̊>)∅, kʰ, tʰ, pʰ + Tone A",,,,,,35,,,,onset,,,,,
221,D41D8CD98F00B204E9800998ECF8427E,,,88,Dong,"voiceless continuant, or aspirated stop: (*m̥>)m,(*n̥>)n,(*ɲ̊>)ɲj,(*ŋ̊>)∅, kʰ, tʰ, pʰ + Tone B",,,,,,453,,,,onset,,,,,
222,D41D8CD98F00B204E9800998ECF8427E,,,88,Dong,"voiceless continuant, or aspirated stop: (*m̥>)m,(*n̥>)n,(*ɲ̊>)ɲj,(*ŋ̊>)∅, kʰ, tʰ, pʰ + Tone C",,,,,,13,,,,onset,,,,,
223,D41D8CD98F00B204E9800998ECF8427E,,,88,Dong,"plain voiced continuant, stop or fricative: m, n, ɲ, l,(*b>)p,(*d>)t,(*g>)k,(*ʀ>)j + Tone A",,,,,,212,,,,onset,,,,,
224,D41D8CD98F00B204E9800998ECF8427E,,,88,Dong,"plain voiced continuant, stop or fricative: m, n, ɲ, l,(*b>)p,(*d>)t,(*g>)k,(*ʀ>)j + Tone B",,,,,,33,,,,onset,,,,,
225,D41D8CD98F00B204E9800998ECF8427E,,,88,Dong,"plain voiced continuant, stop or fricative: m, n, ɲ, l,(*b>)p,(*d>)t,(*g>)k,(*ʀ>)j + Tone C",,,,,,31,,,,onset,,,,,
226,8D966B2253A917086C8604959E152243,high,mang1393,89,Languages of the  Mangbetu-Asua subgroup with three tones,high tone plus +ATR,,high,,,,,,,,nucleus,,,,,
227,22384709D743FE3C6FB0A4B35B2E10A6,mid,mang1393,89,Languages of the  Mangbetu-Asua subgroup with three tones,high tone plus -ATR,,mid,,,,,,,,nucleus,,,,,
228,EA7B897B319F23424753237F12616A98,extra high,moba1244,90,Moba,"H tones are rised when followed by L tones, loss of final vowels leads this rise to become contrastive",extra,high,,,,,,,,wordtype,,,,,
229,8D966B2253A917086C8604959E152243,high,moba1244,90,Moba,Syllables with H tone not follwed by a L tone on a vowel that was later lost,,high,,,,,,,,wordtype,,,,,
